,Î”_affinity,delta Affinity Coulomb,delta Affinity Hbond,delta Affinity Lipo,delta Affinity Solv GB,delta Affinity vdW,Std,Residue_Number,Residue,Full_residue,Full_residuem,Mutation,rmsd
0,,,,,,,,,,,,,0
1,1.66425,0.0465,-0.006,0.632,0.90325,0.08,1.182112339557173,1,T,T1,T1A,A,0.4565334338671576
2,-1.466,-0.52975,-0.2065,-1.92,2.70775,-1.49075,2.2652843824414925,1,T,T1,T1R,R,0.6799598585437288
3,-0.14275,-0.03075,-0.0015,0.634,0.08875,-0.50225,2.2769076068211462,1,T,T1,T1N,N,0.4354119097517801
4,1.5054999999999998,-0.94825,-0.00225,1.0405,2.4785000000000004,-1.08,2.801651596231528,1,T,T1,T1D,D,0.3547174538743153
5,1.55175,0.32675,-0.015,1.02175,0.207,0.00075,0.959193194,1,T,T1,T1C,C,0.3518574459126223
6,-0.51675,0.1575,0.00825,0.14225,0.1314999999999999,-0.564,1.826109411654552,1,T,T1,T1Q,Q,0.4134966559326457
7,-0.48975,-0.5345,-0.00725,0.0555,1.4705,-1.46775,2.1337729299685724,1,T,T1,T1E,E,0.3735964844012085
8,3.8745,-0.05575,0.004,1.60625,1.4085,0.8965000000000001,1.1784624163148636,1,T,T1,T1G,G,0.6215432580277497
9,-1.304,-0.16675,-0.005,0.012,0.36675,-1.30275,3.3038104263612547,1,T,T1,T1H,H,0.3831702293076948
10,-1.83725,0.4365,0.0125,-1.73875,0.1037499999999999,-0.68075,2.399130033296792,1,T,T1,T1I,I,0.34951965
11,-3.469,0.209,-0.00025,-2.31675,-0.2145,-1.16375,2.0024130443042965,1,T,T1,T1L,L,0.3371945178270478
12,3.460500000000001,0.19925,0.01275,2.5625,1.8832500000000003,-1.2445,3.3325320203512923,1,T,T1,T1K,K,0.4025566977383434
13,-4.5595,-0.25625,-0.00475,-3.10575,0.14575,-1.3645,4.060881800791547,1,T,T1,T1M,M,0.3179163762431815
14,-3.4345,-0.42775,0.0205,-1.68325,0.7595,-1.0745,4.665753922643871,1,T,T1,T1F,F,0.3732022708359573
15,4.8715,2.33825,0.1605,-0.30375,0.29425,2.39075,2.1434359488136487,1,T,T1,T1P,P,0.3783218964288976
16,0.98325,-0.41375,0.0035,0.6455,0.67225,0.0575,1.197546206485022,1,T,T1,T1S,S,0.4188419898685862
17,-3.477,-0.02325,0.0695,-2.1255,0.9885,-2.00125,5.9787277910940215,1,T,T1,T1W,W,0.4646464389969415
18,-4.753,0.81475,0.052,-1.967,-0.20525,-1.931,6.734888022,1,T,T1,T1Y,Y,0.6435042439268489
19,0.2669999999999999,0.46525,-0.001,-0.62725,-0.002,0.43925,1.3761688365410207,1,T,T1,T1V,V,0.2887426176252755
20,0.21225,0.26325,-0.0085,0.03325,-0.08625,0.0095,0.6899248147443314,21,S,S21,S21A,A,0.302699052
21,-3.27825,0.20575,-0.01425,-1.87625,0.24825,-1.1555,3.297614225972064,21,S,S21,S21R,R,0.308264454
22,1.88825,0.2785,-0.0445,0.6045,0.71425,0.3804999999999999,2.480194128826747,21,S,S21,S21N,N,0.4510127031432024
23,0.046,-0.77825,-0.00825,0.31025,1.18675,-0.66675,1.212646967038085,21,S,S21,S21D,D,0.3330388858501476
24,0.09225,0.147,0.0085,0.119,-0.01225,-0.16725,0.5192214524330314,21,S,S21,S21C,C,0.1835928170059827
25,-0.95225,0.01025,0.0165,-0.4685,0.3595,-0.6865,2.9865047993711085,21,S,S21,S21Q,Q,0.3625959747270103
26,-0.7505,-1.10175,-0.00775,-0.418,1.3935,-0.60775,2.0172017747364785,21,S,S21,S21E,E,0.8652398208193052
27,1.626,0.20925,-0.0025,1.075,0.26625,0.06975,1.0846652325333686,21,S,S21,S21G,G,0.2954728197723621
28,-3.59175,-2.467,-0.066,-0.53825,0.3495,-0.1705,3.6129530281105695,21,S,S21,S21H,H,0.2745938301126983
29,-0.9805,0.0165,0.031,-1.94975,-0.1465,1.08325,3.0597793493431293,21,S,S21,S21I,I,0.4104836897191669
30,-1.6825,0.5435,0.03925,-1.97425,-0.5985,0.35125,2.149448689005315,21,S,S21,S21L,L,0.2471081062485994
31,3.22775,0.40875,0.01625,2.475,0.97425,-0.6515,2.1129954054217284,21,S,S21,S21K,K,0.35113625
32,-3.55575,-0.32125,0.006,-2.48575,-0.25225,-0.55325,3.648880867243179,21,S,S21,S21M,M,0.4017225758779785
33,-2.66,0.15775,0.0335,-1.84825,-0.3425,-0.53625,3.024396689148653,21,S,S21,S21F,F,0.421134524
34,1.21025,1.5295,0.11325,-0.6605,-0.42175,0.65225,3.0555219275927312,21,S,S21,S21P,P,0.3292994743662439
35,-1.20525,-1.5765,-0.08925,-0.50825,0.0685,0.8725,1.7319758225795183,21,S,S21,S21T,T,0.257058058
36,-3.11425,-0.728,0.0085,-1.53175,-0.05375,-0.637,0.9807556185581264,21,S,S21,S21W,W,0.346110516
37,1.79425,1.7115000000000002,0.04375,-0.166,0.4202499999999999,-0.248,4.803844389305993,21,S,S21,S21Y,Y,1.287589816348612
38,-1.468,0.15,0.004,-1.338,-0.35525,0.06075,1.6892797281681915,21,S,S21,S21V,V,0.2370975505637029
39,-0.19925,-0.1355,-0.01825,-0.03025,0.01025,-0.02475,0.697193122,22,S,S22,S22A,A,0.2404585949301235
40,-0.1815,-0.53675,-0.00525,0.0145,0.37375,-0.02475,0.1626396835543732,22,S,S22,S22R,R,0.2513708874934219
41,-0.01275,0.1385,0.00175,0.05875,-0.10525,-0.09775,0.2318539410922315,22,S,S22,S22N,N,0.2506835538481578
42,0.1132499999999999,0.5639999999999998,-0.04025,-0.094,-0.68625,0.383,1.9746146248487744,22,S,S22,S22D,D,0.3384800562346836
43,-0.09475,0.11425,0.0045,-0.03725,-0.1195,-0.05675,0.317942736,22,S,S22,S22C,C,0.2540001026253955
44,-0.75375,-0.3085,-0.028,-0.223,-0.31025,0.119,1.1068138581833291,22,S,S22,S22Q,Q,0.2587211575801177
45,0.15025,0.273,-0.0535,0.091,-0.16825,0.01175,1.048672295492416,22,S,S22,S22E,E,0.2459490764774988
46,-0.39625,-0.2535,-0.0245,-0.12725,0.04175,-0.03125,0.8552794377667843,22,S,S22,S22G,G,0.2572932499051795
47,-0.46975,-0.164,-0.01725,-0.07525,-0.08625,-0.12425,0.798861429,22,S,S22,S22H,H,0.2410314993601217
48,-0.49775,-0.159,-0.0295,-0.19325,-0.28475,0.1727499999999999,1.2832953349352856,22,S,S22,S22I,I,0.2601978950667607
49,-0.68225,-0.33375,-0.0305,-0.2135,-0.22675,0.1247499999999999,0.964897015,22,S,S22,S22L,L,0.3274016083151781
50,0.275,-0.00825,0.00175,0.1275,0.20275,-0.04475,0.3385409871788052,22,S,S22,S22K,K,0.2647663019543038
51,-0.19375,-0.07625,0.0025,-0.00675,-0.1125,0.00075,0.3312002163847924,22,S,S22,S22M,M,0.257568395
52,-0.122,-0.02775,0.00525,-0.015,-0.09325,0.00825,1.2180834673097465,22,S,S22,S22F,F,0.2618553339886504
53,-0.34525,-1.1235,-0.03925,0.2315,0.059,0.568,1.143134688768855,22,S,S22,S22P,P,0.2754541870268714
54,0.25475,0.087,-0.03975,0.16075,-0.1045,0.15125,0.624946598,22,S,S22,S22T,T,0.2514928608610528
55,-0.881,-0.32525,-0.015,-0.20675,0.05125,-0.3805,1.3338263255261782,22,S,S22,S22W,W,0.3050787525478526
56,-0.3945,0.002,-0.0175,-0.06525,-0.057,-0.259,0.8105983386774652,22,S,S22,S22Y,Y,0.2371461508360726
57,-0.4255,-0.21175,-0.029,-0.16775,-0.2825,0.271,1.184698414506128,22,S,S22,S22V,V,0.3233232473204877
58,-0.8615,-0.0395,-0.0005,-0.75525,-0.034,-0.0345,1.3404659637603635,23,G,G23,G23A,A,0.2635525926400796
59,0.07775,-0.4425,0.00325,-0.10975,0.45075,0.17375,1.411594222855846,23,G,G23,G23R,R,0.2698258200948274
60,-1.96975,-1.13575,-0.0585,-0.5285,0.05725,-0.30675,3.329541748,23,G,G23,G23N,N,0.2461350380913508
61,-0.47575,-0.12925,0.0025,-0.627,0.75675,-0.466,1.2354983812211169,23,G,G23,G23D,D,0.2680898168209246
62,0.17175,0.3334999999999999,0.00325,-0.143,0.045,-0.067,1.1979725581164204,23,G,G23,G23C,C,0.2524379574119684
63,-0.861,-0.447,0.006,-0.40125,0.34125,-0.36275,2.028135268335588,23,G,G23,G23Q,Q,0.3263247436273294
64,-0.5455,-0.0605,0.007,-0.61575,0.6235,-0.50275,1.6645813287430566,23,G,G23,G23E,E,0.3176120917505709
65,-0.68725,0.40375,0.002,-0.60975,0.284,-0.77375,1.9513356750356063,23,G,G23,G23H,H,0.2575520655214127
66,-1.92375,0.45,0.0055,-1.7235,-0.0335,-0.626,2.459885413997977,23,G,G23,G23I,I,0.2196214325351871
67,-1.98675,0.46,0.0095,-1.67225,0.04925,-0.84775,1.6594895550540034,23,G,G23,G23L,L,0.2564107645956744
68,0.90925,0.066,0.001,0.7285,0.29375,-0.1825,0.785375229,23,G,G23,G23K,K,0.260970726
69,-1.16875,0.1919999999999999,0.002,-1.11675,0.01275,-0.2605,3.453459268134875,23,G,G23,G23M,M,0.2580825909054338
70,-1.3175,0.1942499999999999,0.011,-1.04425,0.32825,-0.7585,2.952432274131506,23,G,G23,G23F,F,0.2667886050674334
71,-4.002,-0.5175,0.00325,-2.62125,0.2215,-1.1025,0.9757045317786186,23,G,G23,G23P,P,0.2397974199248912
72,-0.318,0.10525,0.001,-0.3885,0.0855,-0.12325,0.5987826539460431,23,G,G23,G23S,S,0.2599796366604066
73,-1.62325,-1.35875,-0.0605,-0.51675,-0.0175,0.3284999999999999,3.638494136773252,23,G,G23,G23T,T,0.2716898983128559
74,-2.52025,-0.77075,-0.01775,-1.46575,0.4955,-0.79175,3.1579606684272266,23,G,G23,G23W,W,0.2525321374560384
75,-2.73375,-0.97425,-0.05525,-1.2585,0.4175,-0.8635,4.753841771,23,G,G23,G23Y,Y,0.2660217237142197
76,-0.57625,0.3965000000000001,0.005,-0.79675,0.0435,-0.23425,1.886675625714889,23,G,G23,G23V,V,0.2583825340117378
77,1.0065,-3.28825,-0.2865,-0.49225,3.76625,1.7627499999999998,3.147761797425805,46,A,A46,A46R,R,0.3152396248567536
78,1.03375,-0.36375,-0.01175,0.37075,0.67725,0.4229999999999999,4.259210676091679,46,A,A46,A46N,N,0.3294590136207269
79,3.2545,1.85175,0.00125,0.2454999999999999,0.987,0.11775,5.860530266110739,46,A,A46,A46D,D,0.3531132058400185
80,-0.06175,-0.0795,-0.0035,-0.02275,-0.1845,0.235,1.0428570931180678,46,A,A46,A46C,C,0.3661222528050149
81,1.6,1.897,0.04075,-0.2675,-0.547,0.983,3.1603055759425125,46,A,A46,A46Q,Q,0.3179306304374371
82,1.83425,1.5265000000000002,0.054,-0.0545,1.0025000000000002,-0.687,3.324459392141826,46,A,A46,A46E,E,0.3266259186338752
83,1.0585,0.495,0.01025,0.46575,0.2745,-0.171,0.9805721119156238,46,A,A46,A46G,G,0.3353120990244933
84,0.90575,-0.34675,0.00875,0.206,0.86025,0.26225,2.519218579242381,46,A,A46,A46H,H,0.3295148823226293
85,0.0275,0.15975,0.035,-0.11125,-0.46775,0.4555,2.619547861750191,46,A,A46,A46I,I,0.2848023109567205
86,-1.24525,-0.8165,0.01125,-0.6275,-0.083,0.31925,2.5492772014828047,46,A,A46,A46L,L,0.4554141076262349
87,4.4262500000000005,0.6117499999999998,-0.02175,1.55725,0.893,1.4645,5.669280458459139,46,A,A46,A46K,K,0.2854944103200958
88,-1.30125,-0.304,0.01775,-0.82025,-0.53325,0.417,3.4888007848925207,46,A,A46,A46M,M,0.355414088
89,-1.2515,0.0845,0.03,0.0595,-0.357,-0.74525,2.9211798415480454,46,A,A46,A46F,F,0.360449211
90,-0.854,-0.50675,-0.005,-0.5595,0.3647499999999999,-0.13975,1.3568384821586783,46,A,A46,A46P,P,0.3408542782208291
91,0.7845000000000001,0.07675,-0.0055,0.22625,0.08675,0.384,1.2421987226956348,46,A,A46,A46S,S,0.3342224336391741
92,-0.339,-1.284,-0.01,-0.0345,0.782,0.29175,1.6855272172231452,46,A,A46,A46T,T,0.3647172425330395
93,5.422750000000001,1.1485,0.16475,0.3049999999999999,0.92975,3.27625,5.473804245373291,46,A,A46,A46W,W,0.3125237743995831
94,-2.20425,-0.39825,0.0905,-0.68175,-0.72475,-0.14925,2.591918642627504,46,A,A46,A46Y,Y,0.355779871
95,-0.07325,0.25,0.0075,-0.27075,0.23,-0.211,0.939081954,46,A,A46,A46V,V,0.3075005244023984
96,0.3372499999999999,1.7120000000000002,0.02525,-0.98875,-1.23675,0.60825,2.1948541902975394,47,G,G47,G47A,A,0.283647652
97,2.32625,2.7105,0.06625,-2.25975,-0.71425,2.658,5.525480695529273,47,G,G47,G47R,R,0.93755465
98,2.269,1.28625,0.06325,0.0795,1.0837500000000002,0.94875,4.627286245738424,47,G,G47,G47N,N,0.580585167
99,7.305,2.6049999999999995,0.09575,-0.51475,5.1850000000000005,-0.354,3.666735696319912,47,G,G47,G47D,D,0.4438989591124703
100,1.53375,0.91425,0.01175,-0.52325,-0.48325,1.3135,3.5848346661085126,47,G,G47,G47C,C,0.5002438095659918
101,-1.8175,0.58525,0.00975,-1.976,0.04075,0.6292499999999999,3.331473898041726,47,G,G47,G47Q,Q,0.6491590186929281
102,0.6775000000000001,1.261,-0.00325,-1.99225,1.1282499999999998,0.05,2.402191985111376,47,G,G47,G47E,E,0.3053002512408577
103,4.99425,3.5495,0.278,0.5865,-0.82575,2.73875,6.846241809684103,47,G,G47,G47H,H,1.0956089948629817
104,-0.709,2.0805,0.08225,-3.86375,-0.837,1.31875,4.163088757160962,47,G,G47,G47I,I,0.4435814976728541
105,-2.0865,2.3585,0.02325,-4.08775,-1.3855,0.779,2.081192206404781,47,G,G47,G47L,L,0.8969453971382325
106,5.02425,1.33875,0.069,1.93,0.6260000000000001,0.83575,5.515362265224894,47,G,G47,G47K,K,1.3927459020055353
107,0.89425,2.2569999999999997,0.0555,-4.0065,-1.15,3.49825,7.290093340737598,47,G,G47,G47M,M,0.9504386663765906
108,15.07275,3.134,0.01525,-2.90075,-0.30325,17.07875,35.84058904254598,47,G,G47,G47F,F,0.5403658311968988
109,-0.64175,0.4887499999999999,0.07875,-2.64725,0.453,0.4305,6.616493249196789,47,G,G47,G47P,P,0.2698752367691979
110,2.0995,1.249,0.01675,-0.80675,0.50675,0.7344999999999999,2.2617191838658193,47,G,G47,G47S,S,0.3797710369387819
111,1.86425,1.366,0.03375,-1.311,-0.85625,1.989,4.194516291143315,47,G,G47,G47T,T,0.3967668051713075
112,-6.05725,2.035,0.027,-3.90825,-0.85475,-0.8755,11.118949182214417,47,G,G47,G47W,W,1.283328268
113,-1.5715,3.92225,0.03025,-2.99875,-1.272,0.8570000000000001,6.287882234902305,47,G,G47,G47Y,Y,2.076287927255195
114,-0.82525,2.0565,0.085,-3.20975,-0.943,0.6655,3.661278772505585,47,G,G47,G47V,V,0.3583943959402877
115,0.0055,0.0685,0.00025,-0.2285,-0.03475,0.1975,0.3146325899627479,48,G,G48,G48A,A,0.2649081137659957
116,-0.89775,-0.08175,0.0015,-0.38425,0.076,-0.50425,0.814934916,48,G,G48,G48R,R,0.2233457363609078
117,-0.36375,-0.2905,0,-0.14275,0.3625,-0.292,0.5303472918758046,48,G,G48,G48N,N,0.2024343658572309
118,-0.0185,-0.085,-0.00125,-0.11275,0.10325,0.0805,0.4543101,48,G,G48,G48D,D,0.2196210638685413
119,-0.5425,-0.205,0.00075,-0.17375,0.06175,-0.225,0.7889218381225523,48,G,G48,G48C,C,0.237725985
120,-0.8885,-0.21825,0.00075,-0.30925,-0.1875,-0.171,1.1456760740570024,48,G,G48,G48Q,Q,0.1789955091645511
121,-0.2435,-0.33125,0.001,-0.082,0.4659999999999999,-0.29475,0.2730915597377553,48,G,G48,G48E,E,0.1878938429342382
122,-0.86575,0.033,0.001,-0.367,-0.3615,-0.174,1.044967423734667,48,G,G48,G48H,H,0.2565771585553299
123,-2.9725,-0.0035,-0.00425,-1.5105,-0.41875,-1.056,1.9891523320248752,48,G,G48,G48I,I,0.2834445991759234
124,-1.7565,-0.05025,0.00525,-0.7855,-0.47675,-0.44525,1.7934656394812811,48,G,G48,G48L,L,0.2584995637265697
125,0.053,0.0145,0.002,0.32325,-0.0015,-0.285,0.7911868721526328,48,G,G48,G48K,K,0.263985445
126,-2.32725,-0.25225,0.009,-1.3015,0.1005,-0.8815,2.972240723203063,48,G,G48,G48M,M,0.3201745454254058
127,0.28325,0.09025,0.0065,-0.268,0.5815,-0.12375,1.5299676194830618,48,G,G48,G48F,F,0.3344231963375667
128,-2.03875,0.28825,-0.015,-1.4855,-0.704,-0.08475,1.932963592517976,48,G,G48,G48P,P,0.4185065634946207
129,-0.61,-0.2145,0.001,-0.1965,-0.06025,-0.14175,0.9083688678064654,48,G,G48,G48S,S,0.2230285086814963
130,-0.53375,0.0705,0.0015,-0.257,-0.17375,-0.255,1.0710497576365596,48,G,G48,G48T,T,0.2324899777686454
131,-2.325,0.4854999999999999,0.0045,-1.251,-0.2605,-1.335,3.2284075537845793,48,G,G48,G48W,W,0.3148014840556113
132,0.6960000000000001,-0.6915,0.00425,-0.16125,1.0735,0.1132499999999999,1.245354567984556,48,G,G48,G48Y,Y,0.2992340945523701
133,-1.19175,-0.1385,-0.00275,-0.48475,-0.39325,-0.191,0.8354824454569149,48,G,G48,G48V,V,0.2248623202530315
134,-0.0775,0.04925,-0.001,-0.015,-0.1955,0.081,0.2802029026735209,96,S,S96,S96A,A,0.225123066
135,-4.974,-0.32925,0.0015,-1.70325,-0.34575,-1.704,4.207180607802174,96,S,S96,S96R,R,0.2553172457755705
136,-1.12375,-0.934,-0.001,-0.0005,0.6869999999999999,-0.7235,1.5604122051560607,96,S,S96,S96N,N,0.2360844807723252
137,0.72,0.0455,0,-0.0385,0.942,-0.22525,0.7746211977476475,96,S,S96,S96D,D,0.2162789834551304
138,-0.73925,-0.17125,0.00025,0.02175,-0.14075,-0.43425,0.6173715115984324,96,S,S96,S96C,C,0.2173544123024561
139,-1.37025,-0.11825,0.0025,-0.275,-0.2825,-0.71175,2.1801500521753083,96,S,S96,S96Q,Q,0.2155562962008459
140,0.266,0.1937499999999999,-0.0015,-0.47625,1.799,-1.2365,1.5366094710975418,96,S,S96,S96E,E,0.212063837
141,0.06025,0.04325,-0.0015,-0.0125,-0.433,0.5055000000000001,0.298995401,96,S,S96,S96G,G,0.2269665069123212
142,-2.66225,-0.87075,0.0025,-0.2625,0.15025,-1.0515,2.7535176744181857,96,S,S96,S96H,H,0.2254906381150633
143,-1.49275,0.00875,0.00125,-0.66475,-0.218,-0.60275,1.0881830039106473,96,S,S96,S96I,I,0.2164931638596061
144,-2.996,0.006,0.0015,-1.44475,-0.49975,-1.033,2.1427790366717705,96,S,S96,S96L,L,0.2124609043017814
145,-1.62775,-0.6245,-0.04725,0.26125,0.50125,-1.69275,1.0915003053900931,96,S,S96,S96K,K,0.230773984
146,-3.5675,-0.06875,-0.00025,-1.93225,-0.22275,-1.32675,3.032685773369869,96,S,S96,S96M,M,0.2164199080244412
147,-2.011,0.02425,0.00525,-0.91525,0.01325,-1.14825,2.2961029303292713,96,S,S96,S96F,F,0.2424023429117304
148,-0.486,-0.03225,0.00075,-0.132,-0.1195,-0.229,0.497727502,96,S,S96,S96P,P,0.227136194
149,-0.499,0.09575,0,-0.20225,-0.22225,-0.1805,0.5369711351646381,96,S,S96,S96T,T,0.2192078876306249
150,-8.00275,-0.9075,0.01225,-2.71775,0.9845,-2.9475,7.580617669425098,96,S,S96,S96W,W,0.2512279109662409
151,-3.89775,-0.3945,-0.0305,-1.49625,1.0220000000000002,-1.70225,2.305863305431034,96,S,S96,S96Y,Y,0.1509663292274268
152,-1.10125,0.03125,0.0005,-0.45925,-0.22325,-0.4375,0.8663311049092797,96,S,S96,S96V,V,0.2205076613543427
153,0.077,-0.08325,0.0015,0.0985,-0.1855,0.277,0.9729176052814889,97,M,M97,M97A,A,0.2638803001656604
154,-0.66825,0.7585,0.0015,-0.1985,-1.028,-0.161,0.524109642,97,M,M97,M97R,R,0.2340893131640061
155,0.5894999999999999,0.2875,-0.003,0.069,-0.00875,0.27375,0.4668279483207205,97,M,M97,M97N,N,0.2489292208594873
156,0.71625,-0.75525,-0.0005,0.013,1.35175,0.1385,0.7570523429723998,97,M,M97,M97D,D,0.2671544019796705
157,0.59325,0.248,-0.00325,0.1157499999999999,-0.16275,0.43225,0.5591752110623884,97,M,M97,M97C,C,0.2452030187903955
158,-0.091,-0.30425,0.00375,0.056,0.0635,0.0845,1.0339029612750577,97,M,M97,M97Q,Q,0.2413441944044455
159,0.3895,-0.67525,0.0035,0.10275,0.82175,0.1435,1.3431201236920942,97,M,M97,M97E,E,0.2913298656100095
160,0.18875,-0.3675,0.0015,0.12725,0.1489999999999999,0.28775,1.104758306900956,97,M,M97,M97G,G,0.2630102006815293
161,-0.5595,-0.1545,0.004,-0.13775,-0.34775,-0.0265,0.9136324935844464,97,M,M97,M97H,H,0.2602881590239128
162,0.71925,0.33175,-0.00025,0.118,-0.042,0.3485,0.4152488209896968,97,M,M97,M97I,I,0.250629824
163,0.518,0.02825,-0.00025,0.104,0.23225,0.168,0.3948746636592427,97,M,M97,M97L,L,0.2388936225455637
164,0.15475,0.6104999999999999,-0.00025,0.33,-0.674,-0.1085,0.5578341300661575,97,M,M97,M97K,K,0.2402459547895655
165,0.1685,0.06375,-0.0005,-0.14225,-0.09875,0.359,0.3296882365710571,97,M,M97,M97F,F,0.2596306526855099
166,0.51075,0.132,0.00075,0.205,0.0445,0.1275,0.7536981601852738,97,M,M97,M97P,P,0.2574590597773228
167,0.39625,0.067,0.00075,0.0845,0.10375,0.1765,0.3761527836752862,97,M,M97,M97S,S,0.2522156172990832
168,-0.14475,-0.388,0.00175,0.056,0.15625,0.03525,0.4495133479664425,97,M,M97,M97T,T,0.2535266439925684
169,-0.414,0.23925,0.00275,-0.3045,-0.00725,-0.50275,1.055203613842687,97,M,M97,M97W,W,0.2395388583684522
170,0.28675,0.38175,0.00125,-0.169,-0.11775,0.17075,0.2387849450865778,97,M,M97,M97Y,Y,0.2867139462382658
171,0.6819999999999999,0.23075,-0.00125,0.11425,0.14075,0.2329999999999999,0.6370813658133996,97,M,M97,M97V,V,0.2630842789059458
172,2.1215,0.126,0.02525,0.15075,-0.0515,1.46175,1.1352651672626974,98,G,G98,G98A,A,0.3649733606155648
173,4.18225,-3.47525,-0.0695,-0.572,1.6022500000000002,6.33175,6.3526986588378325,98,G,G98,G98R,R,1.1848231195616288
174,4.4345,0.94475,0.1077499999999999,1.41575,1.1455,1.30675,4.7966786078146475,98,G,G98,G98N,N,0.3844007814536702
175,11.55775,2.0305,0.151,1.3765,7.236000000000001,0.2065,4.115926171592489,98,G,G98,G98D,D,0.4529844015605751
176,3.901499999999999,0.5945,0.1475,1.3575,-0.23975,1.37875,3.131891281637982,98,G,G98,G98C,C,0.7315660202019995
177,7.023750000000001,2.47375,0.218,1.75575,-0.99525,3.6020000000000003,5.890070648982065,98,G,G98,G98Q,Q,0.7086460368206781
178,12.762,4.00725,0.24825,1.698,4.135249999999999,1.55075,11.231621818182209,98,G,G98,G98E,E,0.5774210255101824
179,9.99125,5.525250000000001,0.2865,2.716,-0.10425,2.2345,10.230305221090262,98,G,G98,G98H,H,0.4943668304209164
180,3.071,2.365,0.241,-2.3535,-0.529,2.6875,7.305629381967488,98,G,G98,G98I,I,0.8075414967666221
181,1.19275,0.8165000000000001,0.1485,-1.65225,-0.79575,2.12525,2.1442096251688327,98,G,G98,G98L,L,0.3975480203567091
182,12.05025,-0.641,0.04375,5.5515,0.94225,5.43675,5.994295086441219,98,G,G98,G98K,K,1.3154886011906666
183,1.3525000000000005,0.928,0.10925,-2.3535,-0.367,2.09825,6.280836754233733,98,G,G98,G98M,M,0.4067499461350965
184,6.5402499999999995,2.7295000000000003,0.25075,0.5185000000000001,-0.395,3.86125,8.017959772701946,98,G,G98,G98F,F,0.6160244790782698
185,-0.54375,1.44425,0.09625,-2.164,-1.2995,0.8615,2.534852839,98,G,G98,G98P,P,0.4631120668879101
186,2.8694999999999995,0.75725,0.02975,0.1649999999999999,0.424,0.91975,2.5711051450041222,98,G,G98,G98S,S,0.3357020952772252
187,3.4712500000000004,1.077,0.1102499999999999,-0.1475,0.416,1.33975,2.7327511625954286,98,G,G98,G98T,T,0.5449665916072816
189,4.524,2.1940000000000004,0.2284999999999999,-0.454,-0.5095,3.274,6.194739327310984,98,G,G98,G98Y,Y,1.5729745313137988
190,3.284,0.969,0.1,-1.12025,-0.412,3.0589999999999997,3.4392745359062764,98,G,G98,G98V,V,0.4532683923236997
191,10.385,4.06775,0.2157499999999999,3.199,0.5327500000000001,2.32925,0.743063479,113,Y,Y113,Y113A,A,0.2605415115681406
192,10.11075,9.792000000000002,0.20825,0.96975,-1.82,0.969,1.8316426825848613,113,Y,Y113,Y113R,R,0.3268814288351771
193,9.4335,4.05475,0.21475,3.2555,0.92025,0.9295,1.203621895225684,113,Y,Y113,Y113N,N,0.2501481608690599
194,10.22625,1.1605,0.21325,3.1715,4.557,1.07875,1.3414537822824903,113,Y,Y113,Y113D,D,0.2491967923043724
195,9.453499999999998,3.49225,0.2129999999999999,3.248,0.919,1.53675,0.876826285,113,Y,Y113,Y113C,C,0.2480243015681823
196,6.5265,1.818,0.1704999999999999,2.64225,1.1562499999999998,0.7455,1.1123756859382834,113,Y,Y113,Y113Q,Q,0.2677546893123083
197,8.357000000000001,0.798,0.11075,2.4745,4.53,0.3495,0.9990018351668162,113,Y,Y113,Y113E,E,0.2450796647351474
198,10.7205,3.97425,0.21625,3.41225,0.50625,2.56375,0.6845404784719944,113,Y,Y113,Y113G,G,0.2581770219905774
199,4.758749999999999,1.91825,0.1709999999999999,2.2624999999999997,0.891,-0.49675,2.180238882171707,113,Y,Y113,Y113H,H,0.2436146478816493
200,8.13725,4.321000000000001,0.21325,1.81,0.24075,1.49125,1.396579959520161,113,Y,Y113,Y113I,I,0.2507722068497391
201,7.7805,4.01975,0.2035,0.83925,0.11825,2.426,3.854798957144198,113,Y,Y113,Y113L,L,0.2488632689479922
202,12.0285,8.047,0.1922499999999999,3.78675,-1.14025,0.804,0.7608436107374499,113,Y,Y113,Y113K,K,0.2828715827709906
203,3.9605,3.43925,0.21725,-0.25325,0.1504999999999999,0.3594999999999999,1.0621118898998667,113,Y,Y113,Y113M,M,0.2501751953457587
204,3.66575,4.13175,0.2065,-0.09975,-0.2775,-0.24775,1.1296782359002349,113,Y,Y113,Y113F,F,0.2384623826784277
205,10.807,4.168,0.21025,2.8560000000000003,0.31525,3.0845,0.8997814549470706,113,Y,Y113,Y113P,P,0.2542002845052272
206,10.2845,3.723,0.2159999999999999,3.20225,0.9585,2.1435,0.7211668785147215,113,Y,Y113,Y113S,S,0.2625887434865518
207,9.082249999999998,4.17675,0.2152499999999999,2.4315,0.56175,1.64625,0.5625059258947112,113,Y,Y113,Y113T,T,0.2617450768293164
208,3.064,4.2465,0.20325,-0.3,-0.53175,-0.56525,1.2969047767665909,113,Y,Y113,Y113W,W,0.2554635508024126
209,8.72175,4.2555,0.21125,2.255,0.27725,1.67275,0.8366868689460032,113,Y,Y113,Y113V,V,0.2408036997951617
210,0.24075,0.095,0.00625,-0.059,-0.1865,0.3907499999999999,0.5888986188923636,115,DH,D115,DH115A,A,
211,1.52075,4.93325,0.00025,-0.7135,-2.89075,0.40925,3.309433221867455,115,DH,D115,DH115R,R,
212,0.811,1.99025,0.0215,0.07425,-0.92425,-0.156,2.1919181858211165,115,DH,D115,DH115N,N,
213,0.37825,-3.00225,-0.00625,-0.0095,3.256,0.14075,1.0748287848148963,115,DH,D115,DH115D,D,
214,0.1177499999999999,0.51325,0.009,-0.0225,-0.5155,0.1369999999999999,1.111263357625005,115,DH,D115,DH115C,C,
215,1.18125,0.0655,-0.0015,0.3799999999999999,0.07275,1.11075,4.629745952353469,115,DH,D115,DH115Q,Q,
216,0.7465,-2.43525,0.00225,-0.2045,3.04275,0.3299999999999999,1.5476430467003688,115,DH,D115,DH115E,E,
217,1.5750000000000002,0.4284999999999999,0.02475,0.5225,0.06,0.53325,0.3595812379235972,115,DH,D115,DH115G,G,
218,-1.29225,0.6012500000000001,-0.01025,-0.5555,-0.9525,-0.1985,1.025318934120826,115,DH,D115,DH115H,H,
219,0.209,1.795,0.06525,-0.93425,-1.024,0.3215,3.1967697237471873,115,DH,D115,DH115I,I,
220,0.4009999999999999,1.03325,-0.002,-0.706,-0.957,1.04975,2.2472884401725857,115,DH,D115,DH115L,L,
221,3.154,4.23275,0.015,1.0325,-2.41925,0.30025,2.9004195098870325,115,DH,D115,DH115K,K,
222,-1.917,-0.38025,-0.0105,-1.62225,-0.393,0.5087499999999999,1.8296923238621297,115,DH,D115,DH115M,M,
223,-2.26675,-0.14825,-0.0255,-1.6115,-0.70075,0.4379999999999999,0.5974765685782163,115,DH,D115,DH115F,F,
224,0.3612499999999999,0.5952500000000001,-0.0235,-0.79025,-0.304,0.89225,0.7017921700902625,115,DH,D115,DH115P,P,
225,0.3135,0.1395,0.01425,-0.015,-0.0275,0.1947499999999999,1.302106626,115,DH,D115,DH115S,S,
226,0.014,0.17275,0.02275,-0.4205,0.0825,0.1624999999999999,1.218601110563529,115,DH,D115,DH115T,T,
227,-2.47025,-0.6625,-0.02475,-1.64125,-0.205,0.45875,0.7941206352521846,115,DH,D115,DH115W,W,
228,-1.99275,0.02925,-0.024,-1.548,-0.4935,0.2425,0.5367074777443172,115,DH,D115,DH115Y,Y,
229,0.08975,0.4572499999999999,-0.02975,-0.99625,-0.47,1.13575,1.0883033814153111,115,DH,D115,DH115V,V,
230,-0.748,1.4945,0.0005,-0.0385,-2.57675,0.3492499999999999,0.5575021674098377,116,D,D116,D116A,A,0.2596155503958986
231,-2.21475,3.80775,0.00475,-0.88575,-3.63425,-0.6975,3.021317193432913,116,D,D116,D116R,R,0.2499150707530458
232,-1.2765,0.594,0.003,0.035,-1.691,-0.22625,0.734589908,116,D,D116,D116N,N,0.2428254359167777
233,-1.048,1.2225,0.00125,-0.006,-2.50525,0.21125,1.0390909488586646,116,D,D116,D116C,C,0.2517636448650034
234,-1.437,0.8097500000000001,0.004,-0.21875,-1.84275,-0.2225,1.206617863,116,D,D116,D116Q,Q,0.2984510054272534
235,-0.27675,0.3904999999999999,-0.00025,-0.211,-0.321,-0.167,1.6227689042703113,116,D,D116,D116E,E,0.2406624740175143
236,-0.0825,1.641,-0.00225,0.0985,-2.5255,0.7225,1.4015640073384683,116,D,D116,D116G,G,0.2850770983370446
237,-1.1335,1.6145,0,-0.2905,-2.454,0.0815,0.8546010765263522,116,D,D116,D116H,H,0.245479534
238,-0.9725,1.7955,0.002,-0.3705,-2.513,0.09975,0.528679172,116,D,D116,D116I,I,0.255672115
239,-1.6725,1.4875,0.0025,-0.5625,-2.707,0.167,0.9853353067188176,116,D,D116,D116L,L,0.2430619289660398
240,-0.766,2.687,0.003,0.00525,-3.2625,-0.2245,0.7920492408935191,116,D,D116,D116K,K,0.2566675690740919
241,-1.68175,1.52975,0.00125,-0.5165,-2.6815,-0.0455,1.4187495374448584,116,D,D116,D116M,M,0.2744019305967629
242,-2.9145,1.5539999999999998,-0.00125,-1.05925,-2.972,-0.34375,1.2388226937970852,116,D,D116,D116F,F,0.2757389558797134
243,-0.273,1.88475,0.00425,-0.2025,-2.70025,0.6975,1.509076318,116,D,D116,D116P,P,0.2804554844367187
244,-1.01475,1.2315,0.00075,-0.0475,-2.49225,0.27075,0.8209049376551871,116,D,D116,D116S,S,0.259214041
245,-1.063,1.88725,0.001,-0.25925,-2.915,0.2,0.9642140149710888,116,D,D116,D116T,T,0.2592197540420393
246,-1.6865,1.35225,0.007,-0.567,-2.127,-0.28325,0.3269143618747883,116,D,D116,D116W,W,0.2701334033604079
247,-2.50525,1.6317499999999998,-0.00125,-0.9895,-2.643,-0.41475,1.2322538631845847,116,D,D116,D116Y,Y,0.2654460728131477
248,-1.2235,1.50075,0.002,-0.27375,-2.636,0.1667499999999999,0.9012234277173816,116,D,D116,D116V,V,0.254379986
249,-0.02625,-0.272,0.00125,-0.05575,0.4485,-0.13625,0.7823406653540812,127,S,S127,S127A,A,0.2490842006222302
250,-1.5935,-1.454,0.011,-0.313,0.481,-0.284,0.4505881341831659,127,S,S127,S127R,R,0.2411101865907909
251,-0.67425,-0.404,0.00125,-0.1995,0.10225,-0.1775,0.2945565876590325,127,S,S127,S127N,N,0.2499906732175604
252,0.03725,0.36325,0.00175,-0.14775,0.06725,-0.24725,0.3564784939749755,127,S,S127,S127D,D,0.2511010061388873
253,-0.21675,0.1152499999999999,-0.00075,-0.0585,-0.0845,-0.18675,0.4133242270502259,127,S,S127,S127C,C,0.2479072568308637
254,-0.209,-0.4245,0.004,-0.147,0.5025000000000001,-0.1235,2.0057887891467203,127,S,S127,S127Q,Q,0.2467396110780787
255,0.88775,0.1132499999999999,0.007,-0.085,0.92225,-0.0915,1.8450131661680176,127,S,S127,S127E,E,0.248425724
256,0.0945,-0.39125,0.00175,0.02275,0.4615,0.01025,0.6971563669651164,127,S,S127,S127G,G,0.2455023438003814
257,-0.88125,-0.214,-0.00025,-0.24575,-0.05,-0.364,0.8487431393929891,127,S,S127,S127H,H,0.2510763733782012
258,-0.40975,-0.17725,0.00425,-0.11475,0.13075,-0.252,0.3066119969385846,127,S,S127,S127I,I,0.2452388531749355
259,0.8500000000000001,-0.22475,0.00825,0.1465,0.75675,0.1287499999999999,1.597471961151953,127,S,S127,S127L,L,0.2487183115894438
260,-0.021,-1.0975,0.0025,0.6557499999999999,0.5115000000000001,-0.08625,2.152505671692102,127,S,S127,S127K,K,0.2431848378223303
261,0.3619999999999999,-0.08,0.00625,0.0155,0.53675,-0.1205,1.510684833665403,127,S,S127,S127M,M,0.245182791
262,-0.4015,-0.262,0.0055,-0.21625,0.267,-0.18975,0.4313965692955844,127,S,S127,S127F,F,0.2457438653953779
263,0.7575000000000001,-0.35975,-8.67E-19,-0.04375,0.97475,0.22075,1.526843039302556,127,S,S127,S127P,P,0.2484489020756504
264,0.0795,0.3175,0.00875,0.048,-0.013,-0.27525,1.6364222152814556,127,S,S127,S127T,T,0.2400676053685791
265,-0.77875,-0.422,0.005,-0.36625,0.182,-0.18175,0.5689536448604579,127,S,S127,S127W,W,0.2466231615992922
266,-0.81575,-0.408,-0.003,-0.2085,-0.11775,-0.08325,0.3505494496738893,127,S,S127,S127Y,Y,0.2457569815741605
267,-0.53575,-0.24425,0.0005,-0.1405,0.209,-0.35075,0.4820403682957131,127,S,S127,S127V,V,0.2474737112585434
268,4.1865,-0.18825,-0.00175,2.54075,0.42425,1.3745,0.6573875062193784,128,V,V128,V128A,A,0.2915900430059168
269,4.337,0.54575,0.09325,0.4014999999999999,1.4322500000000002,2.02475,3.513859796102665,128,V,V128,V128R,R,0.4635487988070942
270,3.2565,-1.521,0.0605,2.9525,1.9924999999999995,-0.15475,2.095250104402813,128,V,V128,V128N,N,0.2797870309815678
271,7.11675,0.4135,0.025,2.8794999999999997,4.087,-0.322,2.6371391538306552,128,V,V128,V128D,D,0.2893384401584867
272,3.13375,-1.13625,0.011,3.03375,1.42775,-0.2005,0.936774386,128,V,V128,V128C,C,0.2633788481242736
273,1.24025,0.03525,0.0385,1.5039999999999998,-0.25925,0.02325,2.505156199,128,V,V128,V128Q,Q,0.2636262913767839
274,3.8155,0.33575,0.04925,1.50125,2.5860000000000003,-0.70525,2.9980350787362937,128,V,V128,V128E,E,0.272090019
275,7.398,-0.53,0.00075,4.093,1.5637499999999998,2.22925,0.7646842485627646,128,V,V128,V128G,G,0.2809634319490292
276,1.32075,-2.38125,0.02625,2.3445,1.4395000000000002,-0.098,1.1114688104785786,128,V,V128,V128H,H,0.2612289658737729
277,-1.4825,0.202,0.0155,-0.75,-0.2235,-0.72525,0.4368657307075786,128,V,V128,V128I,I,0.3135134502309762
278,2.0825,1.11,0.10075,0.17125,0.5085,0.155,2.281408117807947,128,V,V128,V128L,L,0.3529864351071492
279,9.032,1.534,0.16625,6.161249999999999,0.27025,0.85675,4.9592742076504175,128,V,V128,V128K,K,0.5403233636442768
280,-0.0265,-1.1105,0.035,-0.2195,0.94525,0.33875,3.074897342459853,128,V,V128,V128M,M,0.296114814
281,3.796,-0.81225,0.05375,1.03775,0.98325,2.99575,2.2020464724130293,128,V,V128,V128F,F,0.3041835672923379
282,2.75975,1.56275,0.0005,1.156,-0.4665,0.45775,2.518002432484925,128,V,V128,V128P,P,0.2922575885370642
283,2.69025,-3.17575,-0.05025,2.72975,2.2455000000000003,0.90625,2.8483141651393256,128,V,V128,V128S,S,0.274220036
284,0.26675,-2.2265,-0.00025,1.21625,0.8700000000000001,0.4125,0.1839426994111662,128,V,V128,V128T,T,0.2729788551015587
285,9.29325,0.4967500000000001,0.17375,1.7760000000000002,0.128,6.51125,4.706678898,128,V,V128,V128W,W,0.6139741301852314
286,4.89875,0.5365,0.08725,1.48275,1.03825,1.74025,4.998869897286785,128,V,V128,V128Y,Y,0.3175326401151238
287,-0.87475,-0.85075,-0.0195,-0.348,-0.0565,0.394,1.660802291062967,129,G,G129,G129A,A,0.4316107023253354
288,-2.52275,-2.08025,-0.207,-2.0735,3.43725,-0.18925,4.3111770531182465,129,G,G129,G129R,R,0.3456024920656957
289,-4.79725,-4.46225,-0.17,0.07825,0.46,-0.0375,5.157895008301998,129,G,G129,G129N,N,0.4136698590046686
290,1.443,1.4960000000000002,0.002,-0.202,1.38525,-1.24025,3.0948778112660063,129,G,G129,G129D,D,0.3288763721286465
291,-2.85225,-2.5335,-0.0105,-0.425,0.36,-0.2175,2.5814342751010857,129,G,G129,G129C,C,0.4296591498191195
292,-2.95375,-0.26425,0.00225,-0.89325,0.3675,-1.494,4.886240162,129,G,G129,G129Q,Q,0.4240774437028887
293,1.2705,1.4517499999999997,0.09225,-0.74425,1.5380000000000005,-1.08375,2.936332463011185,129,G,G129,G129E,E,0.4263666736945625
294,-5.28325,-2.0845,-0.0715,-1.46775,0.414,-1.43525,2.819969547707918,129,G,G129,G129H,H,0.3942186554611493
295,2.02375,5.6930000000000005,0.201,-2.15625,-0.581,-1.063,3.604389025896067,129,G,G129,G129I,I,0.2796623604141662
296,-2.2115,0.265,0.0685,-2.42175,-0.332,0.1205,2.3305543689574515,129,G,G129,G129L,L,0.3356543689553974
297,-1.67975,-4.26625,0.01475,1.5357500000000002,1.2465,-0.234,3.748063177606981,129,G,G129,G129K,K,0.4084817442283635
298,-5.4615,-1.5875,0.087,-3.7305,0.2349999999999999,-0.46075,4.082627136211845,129,G,G129,G129M,M,0.376639056
299,-2.44375,1.20825,0.08175,-1.188,-0.4345,-0.426,7.152150276898084,129,G,G129,G129F,F,0.3787783971806859
300,4.925000000000001,7.41725,0.44225,-1.91425,-1.4395,0.3017499999999999,4.957887789506065,129,G,G129,G129P,P,0.3978980772653973
301,-2.58,-3.06725,-0.0205,-0.43425,0.7997500000000001,0.144,1.879164175903745,129,G,G129,G129S,S,0.4127953469148576
302,-5.68075,-4.11375,-0.038,-1.508,-0.1675,0.14525,1.840077240226616,129,G,G129,G129T,T,0.4187343331598533
303,-0.33475,3.64675,0.1275,-2.98025,0.0215,-0.588,2.5874251518965075,129,G,G129,G129W,W,0.439291221
304,4.667999999999999,0.7347499999999999,0.1605,-1.233,0.7205,4.46275,7.372101690382013,129,G,G129,G129Y,Y,0.3393499771344249
305,3.596,3.4922500000000003,0.2085,-0.87475,-1.412,1.9715,1.7335508837835325,129,G,G129,G129V,V,0.269532779
306,-0.20875,0.4049999999999999,-0.026,-0.13775,-0.622,0.1634999999999999,1.9688349135127268,130,S,S130,S130A,A,0.3375306921689321
307,-2.56,-1.35575,-0.037,-1.235,1.8895,-1.128,1.8786257388491905,130,S,S130,S130R,R,0.3421563548641793
308,-0.98675,0.3705,-0.02675,-0.38475,-0.563,-0.20275,2.0128168280629346,130,S,S130,S130N,N,0.3457170299237624
309,1.14625,0.55325,0.047,0.392,1.003,-0.87275,5.243695412906182,130,S,S130,S130D,D,0.303125154
310,-1.27625,-0.89975,-0.023,-0.31975,-0.03675,-0.01425,2.364427679164664,130,S,S130,S130C,C,0.3461030612156533
311,-4.51075,-1.8485,-0.035,-0.879,-0.03725,-0.99525,3.6736734907537265,130,S,S130,S130Q,Q,0.3204467809034814
312,-3.0265,0.1495,-0.03425,-0.931,-0.8425,-1.37975,2.2690718366768383,130,S,S130,S130E,E,0.3306169690324033
313,0.40775,-0.0685,-0.036,0.09375,0.29075,0.46375,1.1909719770002989,130,S,S130,S130G,G,0.3479973799213922
314,-1.92925,-1.014,-0.025,-0.70875,0.13025,-0.29025,2.4155895588171985,130,S,S130,S130H,H,0.3471764486488433
315,-2.32575,0.28175,0.035,-1.28125,-0.52225,-0.84775,3.0995925941968565,130,S,S130,S130I,I,0.3160268810825883
316,-3.498,0.24225,-0.0135,-2.05875,-0.586,-1.09075,1.580109067965457,130,S,S130,S130L,L,0.3170786762096217
317,0.1049999999999999,-1.194,-0.04225,0.5215000000000001,1.206,-0.4025,1.4558820922954805,130,S,S130,S130K,K,0.3432523587110397
318,-6.19225,-0.96125,-0.01675,-3.3715,-0.369,-1.491,3.084650858146942,130,S,S130,S130M,M,0.3081301811239853
319,-0.1515,0.7994999999999999,0.0135,-0.7775,0.07225,-0.25875,3.052721463,130,S,S130,S130F,F,0.3557886914032031
320,3.3787499999999997,4.16075,0.33575,-0.7165,-0.9605,0.5082500000000001,5.077073000263045,130,S,S130,S130P,P,0.3003653135380763
321,-1.7025,0.051,0.03275,-1.1875,0.06075,-0.6605,1.3577890115920073,130,S,S130,S130T,T,0.2941835675713707
322,-9.6315,0.03175,-0.0005,-2.658,-0.50175,-3.22975,10.813842625696628,130,S,S130,S130W,W,0.3508998763863582
323,-4.92525,-0.9595,-0.0195,-1.40225,0.08125,-1.351,6.439721441956942,130,S,S130,S130Y,Y,0.344602435
324,-1.563,0.3685,0.0055,-0.714,-0.94625,-0.286,2.258435004,130,S,S130,S130V,V,0.3069672793525645
325,5.695,8.861,0.238,-0.061,-0.238,-2.99,0,132,S,S132,S132A,A,0.257
326,-2.609,-2.563,-0.666,-2.838,6.803,-0.397,0,132,S,S132,S132R,R,0.334
327,-0.836,-6.803,-0.128,0.401,7.863,0.324,0,132,S,S132,S132N,N,2.381
328,19.288,12.278,0.207,0.295,6.901,-0.416,0,132,S,S132,S132D,D,0.355
329,5.053,3.382,0.214,0.017,0.473,0.94,0,132,S,S132,S132C,C,0.311
330,11.486,5.352,0.208,0.07,5.515,0.483,0,132,S,S132,S132Q,Q,0.4
331,9.795,15.274,0.336,-0.94,-1.058,-1.931,0,132,S,S132,S132E,E,0.808
332,6.486,8.458,0.225,1.351,-0.369,-2.662,0,132,S,S132,S132G,G,0.329
333,6.189,6.34,0.276,-1.557,7.213,-4.034,0,132,S,S132,S132H,H,1.193
334,10.243,8.89,0.296,-3.005,6.131,-1.961,0,132,S,S132,S132I,I,1.23
335,2.496,7.414,0.146,-0.19,-1.476,-3.394,0,132,S,S132,S132L,L,0.334
336,2.659,-1.43,-0.716,0.379,6.399,-0.841,0,132,S,S132,S132K,K,0.68
337,8.128,6.87,0.239,-4.03,4.606,0.452,0,132,S,S132,S132M,M,0.461
338,7.162,9.572,0.298,-3.999,6.171,-2.587,0,132,S,S132,S132F,F,0.954
339,2.645,10.923,0.323,-1.691,-2.525,-2.829,0,132,S,S132,S132P,P,0.328
340,3.606,1.665,0.072,-1.236,3.774,1.022,0,132,S,S132,S132T,T,0.982
341,0.108,4.708,0.02,-4.496,7.168,-4.009,0,132,S,S132,S132W,W,0.987
342,3.699,6.997,0.168,-4.339,7.207,-4.212,0,132,S,S132,S132Y,Y,1.359
343,0.561,10.398,0.335,-3.278,-1.747,-3.081,0,132,S,S132,S132V,V,0.767
344,2.48425,0.1114999999999999,0.00325,0.9185,0.96625,0.4874999999999999,1.6953718127105135,136,Y,Y136,Y136A,A,
345,1.7775,-0.276,0.003,0.905,0.79775,0.3685,1.5137195909414665,136,Y,Y136,Y136R,R,
346,2.21,-0.019,0.002,0.881,1.119,0.2355,1.843672422096724,136,Y,Y136,Y136N,N,
347,3.194,0.70625,0.0045,0.95325,1.33,0.2067499999999999,2.026497306520128,136,Y,Y136,Y136D,D,
348,2.4425,-0.16275,0.0025,0.9345,1.18,0.49475,1.8291202803533728,136,Y,Y136,Y136C,C,
349,2.2815,-0.0395,0.00325,0.9435,1.145,0.23875,1.608721749298699,136,Y,Y136,Y136Q,Q,
350,3.26625,0.40475,0.005,0.866,1.839,0.16325,2.044976996610638,136,Y,Y136,Y136E,E,
351,2.81975,0.285,0.0145,1.1655,0.72675,0.5934999999999999,1.6909508912640447,136,Y,Y136,Y136G,G,
352,2.283,-0.18425,0.00125,0.965,1.2877500000000002,0.23,1.666463121,136,Y,Y136,Y136H,H,
353,1.92575,-0.077,0.00375,0.699,0.9645,0.3475,1.3486137017940558,136,Y,Y136,Y136I,I,
354,1.6507500000000002,-0.00325,0.00375,0.4692499999999999,0.96,0.23775,1.2677860952595013,136,Y,Y136,Y136L,L,
355,1.68575,-0.2055,0.00225,1.006,0.6207500000000001,0.2679999999999999,1.6768914445087573,136,Y,Y136,Y136K,K,
356,0.9645,0.188,0.0025,-0.14925,0.9220000000000002,0.01125,0.8302989421487501,136,Y,Y136,Y136M,M,
357,1.247,0.039,0.0015,0.15275,1.15475,-0.086,1.309593066566863,136,Y,Y136,Y136F,F,
358,3.3925,-0.03575,-0.00875,0.94625,1.1,1.4055,1.827220566871991,136,Y,Y136,Y136P,P,
359,2.4075,-0.127,0.00175,0.92425,1.12025,0.4945,1.8760237205323391,136,Y,Y136,Y136S,S,
360,2.388,-0.07625,0.00225,0.94625,0.9517500000000002,0.574,1.6478737815743052,136,Y,Y136,Y136T,T,
361,1.865,0.07625,0.0005,0.4367499999999999,1.53425,-0.1605,1.7377644642854604,136,Y,Y136,Y136W,W,
362,2.3705000000000003,0.1522499999999999,0.00375,0.9005000000000001,0.87525,0.44675,1.7933256815202308,136,Y,Y136,Y136V,V,
363,-3.37125,1.08,-0.217,-2.33925,1.67275,-2.45025,2.258842384201843,169,A,A169,A169R,R,0.2902461638423361
364,-1.5815,-2.4565,-0.04325,0.6685,0.5950000000000001,-0.20625,1.3264047898988705,169,A,A169,A169N,N,0.380442507
365,-1.57125,-3.564,-0.06825,0.6730000000000002,1.6625,-0.2465,3.5206653135451544,169,A,A169,A169D,D,0.4000562444469287
366,0.36525,0.1222499999999999,0.04975,0.613,-0.39975,-0.00175,1.900400374482528,169,A,A169,A169C,C,0.3097991880318169
367,-4.679,-1.92975,-0.0455,-0.53275,-0.11225,-1.82575,6.318224170339849,169,A,A169,A169Q,Q,0.3501706437032082
368,-1.6185,-0.745,0.02625,-0.359,1.00325,-1.53075,3.544438695571792,169,A,A169,A169E,E,0.3997898403720529
369,1.17225,-0.48425,-0.031,1.01775,0.24475,0.415,0.6094130372743924,169,A,A169,A169G,G,0.208494618
370,-1.38675,1.175,0.00475,-0.7295,-0.757,-1.08125,5.030435194891194,169,A,A169,A169H,H,0.2502735946329536
371,-2.29425,-0.2935,0.03625,-2.0285,0.45625,-0.41225,4.656111709,169,A,A169,A169I,I,0.4200742295764752
372,-2.7465,-0.43,-0.0255,-2.066,0.504,-0.7225,0.8510720690204013,169,A,A169,A169L,L,0.2777939824745612
373,1.7215,-0.5125,-0.01025,2.19625,1.8405,-1.78725,2.2973028388380436,169,A,A169,A169K,K,0.3889593690319476
374,-6.735,-1.19425,-0.0605,-3.60325,-0.0695,-1.8125,3.818260249555199,169,A,A169,A169M,M,0.3790755947167601
375,-3.1485,-0.343,0.0005,-1.74,-0.18475,-0.85125,4.3821664733325685,169,A,A169,A169F,F,0.263132077
376,-1.992,0.48525,0.00775,-1.5595,-0.432,-0.484,1.328490120399847,169,A,A169,A169P,P,0.3057576221972736
377,-1.01325,-1.322,0.01825,0.371,0.05325,-0.14075,1.313027893839274,169,A,A169,A169S,S,0.2925105618440916
378,-2.98425,-0.5445,-0.007,-1.235,-0.21725,-0.96875,0.8379504261390804,169,A,A169,A169T,T,0.27291208
379,-5.3355,0.57375,0.058,-3.3265,0.3215,-2.7685,2.0456181624796614,169,A,A169,A169W,W,0.2814686727647707