,Full_residue,ECWA,ECWA2,pIC50,ΔpIC50,Expression,Δ_affinity,Std,Variant-digit-class,Residue,Residue_Number,Residue_mutation,Label,ΔG_exp,ΔΔG_exp
0,G98A,32.4,3.24e-08,7.489454989793388,0.8705450102066115,1,2.1215,1.1352651672626974,5,G,98,A,A,-10.215616606078182,1.1874233939218186
1,G98C,302.6,3.026e-07,6.519131076312832,1.8408689236871671,1,3.901499999999999,3.131891281637982,5,G,98,C,A,-8.892094788090704,2.5109452119092968
2,G98H,202.9,2.0290000000000002e-07,6.692717952966654,1.6672820470333454,1,9.99125,10.230305221090262,5,G,98,H,A,-9.128867287846516,2.2741727121534847
3,G98N,93.9,9.390000000000001e-08,7.027334407733889,1.3326655922661104,1,4.4345,4.7966786078146475,5,G,98,N,A,-9.585284132149026,1.817755867850975
4,G98Q,62.4,6.24e-08,7.204815410317576,1.155184589682423,1,7.023750000000001,5.890070648982065,5,G,98,Q,A,-9.827368219673176,1.5756717803268252
5,G98S,280.2,2.802e-07,6.552531869050244,1.8074681309497551,5,2.8694999999999995,2.5711051450041222,5,G,98,S,A,-8.937653469384534,2.4653865306154668
6,G98Y,47.9,4.79e-08,7.319664486585437,1.0403355134145622,1,4.524,6.194739327310984,5,G,98,Y,A,-9.984022359702537,1.4190176402974632
7,Y113A,302.7,3.027000000000001e-07,6.518987579043427,1.8410124209565728,1,10.385,0.743063479,5,Y,113,A,A,-8.891899057815234,2.511140942184767
8,Y113C,60.9,6.09e-08,7.215382707367125,1.1446172926328746,5,9.453499999999998,0.876826285,5,Y,113,C,A,-9.841782012848759,1.561257987151242
9,Y113D,261.1,2.611000000000001e-07,6.583193128177055,1.7768068718229442,1,10.22625,1.3414537822824903,1,Y,113,D,A,-8.979475426833504,2.4235645731664963
10,Y113E,101.3,1.013e-07,6.994390554639719,1.3656094453602805,1,8.357000000000001,0.9990018351668162,1,Y,113,E,A,-9.540348716528577,1.862691283471424
11,Y113F,58.4,5.84e-08,7.233587153,1.126412847112399,5,3.66575,1.1296782359002349,5,Y,113,F,A,-9.866612876692,1.536427123308
12,Y113G,273.7,2.737e-07,6.562725202589876,1.7972747974101235,5,10.7205,0.6845404784719944,1,Y,113,G,A,-8.95155717633259,2.45148282366741
13,Y113H,15.4,1.5400000000000002e-08,7.812479279163536,0.547520721,1,4.758749999999999,2.180238882171707,5,Y,113,H,A,-10.656221736779063,0.7468182632209377
14,Y113I,72.1,7.21e-08,7.142064735280571,1.2179352647194284,1,8.13725,1.396579959520161,1,Y,113,I,A,-9.7417762989227,1.661263701077301
15,Y113K,177.2,1.772e-07,6.751536282448968,1.6084637175510317,1,12.0285,0.7608436107374499,1,Y,113,K,A,-9.209095489260394,2.193944510739607
16,Y113L,28.3,2.8300000000000002e-08,7.548213564475709,0.8117864355242901,1,7.7805,3.854798957144198,5,Y,113,L,A,-10.295763301944868,1.1072766980551325
17,Y113M,18.2,1.82e-08,7.739928612014925,0.6200713879850746,5,3.9605,1.0621118898998667,5,Y,113,M,A,-10.557262626788358,0.8457773732116429
18,Y113N,130.8,1.308e-07,6.883392256011751,1.4766077439882483,1,9.4335,1.203621895225684,5,Y,113,N,A,-9.38894703720003,2.014092962799971
19,Y113Q,105.9,1.0590000000000003e-07,6.975104039892515,1.3848959601074844,1,6.5265,1.1123756859382834,1,Y,113,Q,A,-9.514041910413392,1.8889980895866092
20,Y113S,263.8,2.638e-07,6.5787252087896535,1.781274791210346,1,10.2845,0.7211668785147215,5,Y,113,S,A,-8.973381184789089,2.429658815210912
21,Y113T,128.7,1.287e-07,6.890421453095613,1.469578546904386,5,9.082249999999998,0.5625059258947112,1,Y,113,T,A,-9.398534862022418,2.004505137977583
22,Y113V,112.2,1.1220000000000001e-07,6.950007143079858,1.409992856920142,1,8.72175,0.8366868689460032,1,Y,113,V,A,-9.479809743160926,1.9232302568390747
23,D115N,40.6,4.0600000000000006e-08,7.391473966422806,0.9685260335771932,5,0.811,2.1919181858211165,5,D,115,N,A,-10.081970490200709,1.3210695097992922
24,D116E,14.8,1.4800000000000002e-08,7.829738284605043,0.5302617153949569,5,-0.27675,1.6227689042703113,5,D,116,E,A,-10.67976302020128,0.7232769797987206
25,V128A,5.3,5.3e-09,8.275724130399212,0.08427587,5,4.1865,0.6573875062193784,5,V,128,A,A,-11.288087713864526,0.11495228613547503
26,V128G,40.1,4.01e-08,7.396855627379818,0.9631443726201816,1,7.398,0.7646842485627646,1,V,128,G,A,-10.089311075746073,1.3137289242539278
27,V128L,14.5,1.45e-08,7.838631997765025,0.5213680022349747,5,2.0825,2.281408117807947,5,V,128,L,A,-10.691894044951495,0.7111459550485062
28,V128M,17.2,1.7200000000000002e-08,7.764471553092451,0.5955284469075481,1,-0.0265,3.074897342459853,5,V,128,M,A,-10.590739198418104,0.8123008015818964
29,V128N,7.8,7.8e-09,8.107905397,0.2520946026904802,1,3.2565,2.095250104402813,1,V,128,N,A,-11.059182961508,0.34385703849200056
30,V128Q,67.0,6.7e-08,7.173925197299173,1.1860748027008263,1,1.24025,2.505156199,5,V,128,Q,A,-9.785233969116073,1.6178060308839282
31,V128S,17.3,1.7300000000000003e-08,7.761953896871205,0.5980461031287945,5,2.69025,2.8483141651393256,5,V,128,S,A,-10.587305115332324,0.8157348846676769
32,V128T,11.4,1.14e-08,7.943095148663527,0.4169048513364721,5,0.26675,0.1839426994111662,5,V,128,T,A,-10.834381782777053,0.5686582172229482
33,S132E,106.3,1.063e-07,6.973466735476703,1.3865332645232966,1,9.795,0.0,1,S,132,E,B,-9.511808627190224,1.8912313728097772
34,S132I,22.6,2.2600000000000004e-08,7.645891560852599,0.7141084391474006,1,10.243,0.0,1,S,132,I,B,-10.428996089002945,0.9740439109970556
35,S132K,21.9,2.19e-08,7.6595558851598815,0.7004441148401179,1,2.659,0.0,5,S,132,K,B,-10.44763422735808,0.955405772641921
36,S132L,132.9,1.329e-07,6.876475019057268,1.4835249809427316,1,2.496,0.0,1,S,132,L,B,-9.379511925994114,2.0235280740058865
37,S132M,281.4,2.814e-07,6.550675906901273,1.8093240930987264,1,8.128,0.0,1,S,132,M,B,-8.935121937013337,2.467918062986664
38,S132N,95.9,9.59e-08,7.018181392829336,1.341818607170663,5,-0.836,0.0,5,S,132,N,B,-9.572799419819216,1.830240580180785
39,S132Q,257.5,2.575e-07,6.5892227666227905,1.770777233377209,5,11.486,0.0,5,S,132,Q,B,-8.987699853673487,2.415340146326514
40,Y136F,4.7,4.700000000000001e-09,8.327902142064282,0.032097858,5,1.247,1.309593066566863,5,Y,136,F,A,-11.359258521775681,0.04378147822431977
41,Y136H,9.8,9.800000000000002e-09,8.008773924307505,0.3512260756924945,1,2.283,1.66646312090407,5,Y,136,H,A,-10.923967632755437,0.47907236724456403
42,Y136I,6.3,6.3e-09,8.200659450546418,0.1593405494535815,5,1.92575,1.3486137017940558,1,Y,136,I,A,-11.185699490545314,0.21734050945468653
43,Y136V,6.4,6.400000000000001e-09,8.193820026016112,0.1661799739838869,5,2.3705000000000003,1.7933256815202308,1,Y,136,V,A,-11.176370515485978,0.2266694845140229
44,Y136W,16.7,1.67e-08,7.777283528852417,0.5827164711475827,5,1.865,1.7377644642854604,5,Y,136,W,A,-10.608214733354696,0.7948252666453044
45,A169N,5.7,5.7000000000000006e-09,8.244125144327509,0.1158748556724909,1,-1.5815,1.3264047898988705,5,A,169,N,A,-11.244986696862723,0.15805330313727772
