,Mutation,T1,S21,S22,G23,A46,G47,G48,S96,M97,G98,Y113,D115,D116,S127,V128,G129,S130,S132,Y136,A169
0,A,1.66425,0.21225,-0.19925,-0.8615,0,0.33724999999999994,0.0055,-0.0775,0.077,2.1215,10.385,0.24075000000000002,-0.748,-0.02625,4.1865,-0.87475,-0.20875,5.695,2.48425,0
1,C,1.55175,0.09225,-0.09475,0.17175,-0.06175,1.53375,-0.5425,-0.73925,0.59325,3.9014999999999995,9.453499999999998,0.11774999999999994,-1.048,-0.21675,3.13375,-2.85225,-1.27625,5.053,2.4425,0.36525
2,D,1.5054999999999998,0.046,0.11324999999999996,-0.47575,3.2545,7.305,-0.0185,0.72,0.71625,11.557749999999999,10.22625,0.37825,0,0.03725,7.11675,1.443,1.14625,19.288,3.194,-1.57125
3,E,-0.48975,-0.7505,0.15025,-0.5455,1.83425,0.6775000000000001,-0.2435,0.266,0.3895,12.761999999999999,8.357000000000001,0.7465,-0.27675,0.88775,3.8155,1.2705,-3.0265,9.795,3.26625,-1.6185
4,F,-3.4345,-2.66,-0.122,-1.3175,-1.2515,15.072750000000001,0.28325,-2.011,0.1685,6.5402499999999995,3.66575,-2.26675,-2.9145,-0.4015,3.796,-2.44375,-0.1515,7.162,1.247,-3.1485
5,G,3.8745000000000003,1.6260000000000001,-0.39625,0,1.0585,0,0,0.06025,0.18875,0,10.720500000000001,1.5750000000000002,-0.0825,0.0945,7.398,0,0.40775,6.486,2.81975,1.17225
6,H,-1.304,-3.59175,-0.46975,-0.68725,0.90575,4.99425,-0.86575,-2.66225,-0.5595,9.99125,4.758749999999999,-1.29225,-1.1335,-0.88125,1.3207499999999999,-5.28325,-1.92925,6.189,2.283,-1.38675
7,I,-1.83725,-0.9805,-0.49775,-1.92375,0.0275,-0.709,-2.9725,-1.49275,0.71925,3.071,8.13725,0.20900000000000002,-0.9725,-0.40975,-1.4825,2.02375,-2.32575,10.243,1.92575,-2.29425
8,K,3.4605000000000006,3.22775,0.275,0.9092499999999999,4.4262500000000005,5.02425,0.053,-1.62775,0.15475,12.05025,12.028500000000001,3.154,-0.766,-0.021,9.032,-1.67975,0.10499999999999998,2.659,1.6857499999999999,1.7215
9,L,-3.469,-1.6825,-0.68225,-1.98675,-1.24525,-2.0865,-1.7565,-2.996,0.518,1.19275,7.7805,0.40099999999999997,-1.6725,0.8500000000000001,2.0825,-2.2115,-3.498,2.496,1.6507500000000002,-2.7465
10,M,-4.5595,-3.55575,-0.19375,-1.16875,-1.30125,0.89425,-2.32725,-3.5675,0,1.3525000000000003,3.9604999999999997,-1.917,-1.68175,0.36199999999999993,-0.0265,-5.4615,-6.19225,8.128,0.9645,-6.735
11,N,-0.14275,1.8882500000000002,-0.01275,-1.96975,1.03375,2.269,-0.36375,-1.12375,0.5894999999999999,4.4345,9.4335,0.811,-1.2765,-0.67425,3.2565,-4.79725,-0.98675,-0.836,2.21,-1.5815
12,P,4.8715,1.21025,-0.34525,-4.002,-0.854,-0.64175,-2.03875,-0.486,0.51075,-0.54375,10.807,0.36124999999999996,-0.273,0.7575000000000001,2.75975,4.925000000000001,3.3787499999999997,2.645,3.3925,-1.992
13,Q,-0.51675,-0.95225,-0.75375,-0.861,1.6,-1.8175,-0.8885,-1.37025,-0.091,7.023750000000001,6.5265,1.18125,-1.437,-0.209,1.2402499999999999,-2.95375,-4.51075,11.486,2.2815,-4.679
14,R,-1.466,-3.27825,-0.1815,0.07775,1.0065,2.32625,-0.89775,-4.974,-0.66825,4.18225,10.11075,1.52075,-2.21475,-1.5935,4.337,-2.52275,-2.56,-2.609,1.7775,-3.37125
15,S,0.9832500000000001,0,0,-0.318,0.7845000000000001,2.0995,-0.61,0,0.39625,2.8694999999999995,10.284500000000001,0.3135,-1.01475,0,2.69025,-2.58,0,0,2.4074999999999998,-1.01325
16,T,0,-1.20525,0.25475,-1.62325,-0.339,1.8642500000000002,-0.53375,-0.499,-0.14475,3.4712500000000004,9.082249999999998,0.013999999999999999,-1.063,0.0795,0.26675000000000004,-5.68075,-1.7025,3.606,2.388,-2.98425
17,V,0.26699999999999996,-1.468,-0.4255,-0.57625,-0.07325,-0.82525,-1.19175,-1.10125,0.6819999999999999,3.284,8.72175,0.08975,-1.2235,-0.53575,0,3.596,-1.563,0.561,2.3705000000000003,0
18,W,-3.477,-3.11425,-0.881,-2.52025,5.422750000000001,-6.05725,-2.325,-8.00275,-0.414,515854.4383,3.064,-2.47025,-1.6865,-0.77875,9.29325,-0.33475,-9.6315,0.108,1.865,-5.3355
19,Y,-4.753,1.79425,-0.3945,-2.73375,-2.20425,-1.5715,0.6960000000000001,-3.89775,0.28675,4.524,0,-1.99275,-2.50525,-0.81575,4.89875,4.667999999999999,-4.92525,3.699,0,0