,Full_residuem,Residue,Î”_affinity
0,T1A,T1,1.66425
1,T1C,T1,1.55175
2,T1D,T1,1.5054999999999998
3,T1E,T1,-0.48975
4,T1F,T1,-3.4345
5,T1G,T1,3.8745
6,T1H,T1,-1.304
7,T1I,T1,-1.83725
8,T1K,T1,3.460500000000001
9,T1L,T1,-3.469
10,T1M,T1,-4.5595
11,T1N,T1,-0.14275
12,T1P,T1,4.8715
13,T1Q,T1,-0.51675
14,T1R,T1,-1.466
15,T1S,T1,0.98325
16,T1T,T1,0.0
17,T1V,T1,0.2669999999999999
18,T1W,T1,-3.477
19,T1Y,T1,-4.753
20,S21A,S21,0.21225
21,S21C,S21,0.09225
22,S21D,S21,0.046
23,S21E,S21,-0.7505
24,S21F,S21,-2.66
25,S21G,S21,1.626
26,S21H,S21,-3.59175
27,S21I,S21,-0.9805
28,S21K,S21,3.22775
29,S21L,S21,-1.6825
30,S21M,S21,-3.55575
31,S21N,S21,1.88825
32,S21P,S21,1.21025
33,S21Q,S21,-0.95225
34,S21R,S21,-3.27825
35,S21S,S21,0.0
36,S21T,S21,-1.20525
37,S21V,S21,-1.468
38,S21W,S21,-3.11425
39,S21Y,S21,1.79425
40,S22A,S22,-0.19925
41,S22C,S22,-0.09475
42,S22D,S22,0.1132499999999999
43,S22E,S22,0.15025
44,S22F,S22,-0.122
45,S22G,S22,-0.39625
46,S22H,S22,-0.46975
47,S22I,S22,-0.49775
48,S22K,S22,0.275
49,S22L,S22,-0.68225
50,S22M,S22,-0.19375
51,S22N,S22,-0.01275
52,S22P,S22,-0.34525
53,S22Q,S22,-0.75375
54,S22R,S22,-0.1815
55,S22S,S22,0.0
56,S22T,S22,0.25475
57,S22V,S22,-0.4255
58,S22W,S22,-0.881
59,S22Y,S22,-0.3945
60,G23A,G23,-0.8615
61,G23C,G23,0.17175
62,G23D,G23,-0.47575
63,G23E,G23,-0.5455
64,G23F,G23,-1.3175
65,G23G,G23,0.0
66,G23H,G23,-0.68725
67,G23I,G23,-1.92375
68,G23K,G23,0.90925
69,G23L,G23,-1.98675
70,G23M,G23,-1.16875
71,G23N,G23,-1.96975
72,G23P,G23,-4.002
73,G23Q,G23,-0.861
74,G23R,G23,0.07775
75,G23S,G23,-0.318
76,G23T,G23,-1.62325
77,G23V,G23,-0.57625
78,G23W,G23,-2.52025
79,G23Y,G23,-2.73375
80,A46A,A46,0.0
81,A46C,A46,-0.06175
82,A46D,A46,3.2545
83,A46E,A46,1.83425
84,A46F,A46,-1.2515
85,A46G,A46,1.0585
86,A46H,A46,0.90575
87,A46I,A46,0.0275
88,A46K,A46,4.4262500000000005
89,A46L,A46,-1.24525
90,A46M,A46,-1.30125
91,A46N,A46,1.03375
92,A46P,A46,-0.854
93,A46Q,A46,1.6
94,A46R,A46,1.0065
95,A46S,A46,0.7845000000000001
96,A46T,A46,-0.339
97,A46V,A46,-0.07325
98,A46W,A46,5.422750000000001
99,A46Y,A46,-2.20425
100,G47A,G47,0.3372499999999999
101,G47C,G47,1.53375
102,G47D,G47,7.305
103,G47E,G47,0.6775000000000001
104,G47F,G47,15.07275
105,G47G,G47,0.0
106,G47H,G47,4.99425
107,G47I,G47,-0.709
108,G47K,G47,5.02425
109,G47L,G47,-2.0865
110,G47M,G47,0.89425
111,G47N,G47,2.269
112,G47P,G47,-0.64175
113,G47Q,G47,-1.8175
114,G47R,G47,2.32625
115,G47S,G47,2.0995
116,G47T,G47,1.86425
117,G47V,G47,-0.82525
118,G47W,G47,-6.05725
119,G47Y,G47,-1.5715
120,G48A,G48,0.0055
121,G48C,G48,-0.5425
122,G48D,G48,-0.0185
123,G48E,G48,-0.2435
124,G48F,G48,0.28325
125,G48G,G48,0.0
126,G48H,G48,-0.86575
127,G48I,G48,-2.9725
128,G48K,G48,0.053
129,G48L,G48,-1.7565
130,G48M,G48,-2.32725
131,G48N,G48,-0.36375
132,G48P,G48,-2.03875
133,G48Q,G48,-0.8885
134,G48R,G48,-0.89775
135,G48S,G48,-0.61
136,G48T,G48,-0.53375
137,G48V,G48,-1.19175
138,G48W,G48,-2.325
139,G48Y,G48,0.6960000000000001
140,S96A,S96,-0.0775
141,S96C,S96,-0.73925
142,S96D,S96,0.72
143,S96E,S96,0.266
144,S96F,S96,-2.011
145,S96G,S96,0.06025
146,S96H,S96,-2.66225
147,S96I,S96,-1.49275
148,S96K,S96,-1.62775
149,S96L,S96,-2.996
150,S96M,S96,-3.5675
151,S96N,S96,-1.12375
152,S96P,S96,-0.486
153,S96Q,S96,-1.37025
154,S96R,S96,-4.974
155,S96S,S96,0.0
156,S96T,S96,-0.499
157,S96V,S96,-1.10125
158,S96W,S96,-8.00275
159,S96Y,S96,-3.89775
160,M97A,M97,0.077
161,M97C,M97,0.59325
162,M97D,M97,0.71625
163,M97E,M97,0.3895
164,M97F,M97,0.1685
165,M97G,M97,0.18875
166,M97H,M97,-0.5595
167,M97I,M97,0.71925
168,M97K,M97,0.15475
169,M97L,M97,0.518
170,M97M,M97,0.0
171,M97N,M97,0.5894999999999999
172,M97P,M97,0.51075
173,M97Q,M97,-0.091
174,M97R,M97,-0.66825
175,M97S,M97,0.39625
176,M97T,M97,-0.14475
177,M97V,M97,0.6819999999999999
178,M97W,M97,-0.414
179,M97Y,M97,0.28675
180,G98A,G98,2.1215
181,G98C,G98,3.901499999999999
182,G98D,G98,11.55775
183,G98E,G98,12.762
184,G98F,G98,6.5402499999999995
185,G98G,G98,0.0
186,G98H,G98,9.99125
187,G98I,G98,3.071
188,G98K,G98,12.05025
189,G98L,G98,1.19275
190,G98M,G98,1.3525000000000005
191,G98N,G98,4.4345
192,G98P,G98,-0.54375
193,G98Q,G98,7.023750000000001
194,G98R,G98,4.18225
195,G98S,G98,2.8694999999999995
196,G98T,G98,3.4712500000000004
197,G98V,G98,3.284
198,G98W,G98,515854.4383
199,G98Y,G98,4.524
200,Y113A,Y113,10.385
201,Y113C,Y113,9.453499999999998
202,Y113D,Y113,10.22625
203,Y113E,Y113,8.357000000000001
204,Y113F,Y113,3.66575
205,Y113G,Y113,10.7205
206,Y113H,Y113,4.758749999999999
207,Y113I,Y113,8.13725
208,Y113K,Y113,12.0285
209,Y113L,Y113,7.7805
210,Y113M,Y113,3.9605
211,Y113N,Y113,9.4335
212,Y113P,Y113,10.807
213,Y113Q,Y113,6.5265
214,Y113R,Y113,10.11075
215,Y113S,Y113,10.2845
216,Y113T,Y113,9.082249999999998
217,Y113V,Y113,8.72175
218,Y113W,Y113,3.064
219,Y113Y,Y113,0.0
220,D115A,D115,0.24075
221,D115C,D115,0.1177499999999999
222,D115D,D115,0.37825
223,D115E,D115,0.7465
224,D115F,D115,-2.26675
225,D115G,D115,1.5750000000000002
226,D115H,D115,-1.29225
227,D115I,D115,0.209
228,D115K,D115,3.154
229,D115L,D115,0.4009999999999999
230,D115M,D115,-1.917
231,D115N,D115,0.811
232,D115P,D115,0.3612499999999999
233,D115Q,D115,1.18125
234,D115R,D115,1.52075
235,D115S,D115,0.3135
236,D115T,D115,0.0139999999999999
237,D115V,D115,0.08975
238,D115W,D115,-2.47025
239,D115Y,D115,-1.99275
240,D116A,D116,-0.748
241,D116C,D116,-1.048
242,D116D,D116,0.0
243,D116E,D116,-0.27675
244,D116F,D116,-2.9145
245,D116G,D116,-0.0825
246,D116H,D116,-1.1335
247,D116I,D116,-0.9725
248,D116K,D116,-0.766
249,D116L,D116,-1.6725
250,D116M,D116,-1.68175
251,D116N,D116,-1.2765
252,D116P,D116,-0.273
253,D116Q,D116,-1.437
254,D116R,D116,-2.21475
255,D116S,D116,-1.01475
256,D116T,D116,-1.063
257,D116V,D116,-1.2235
258,D116W,D116,-1.6865
259,D116Y,D116,-2.50525
260,S127A,S127,-0.02625
261,S127C,S127,-0.21675
262,S127D,S127,0.03725
263,S127E,S127,0.88775
264,S127F,S127,-0.4015
265,S127G,S127,0.0945
266,S127H,S127,-0.88125
267,S127I,S127,-0.40975
268,S127K,S127,-0.021
269,S127L,S127,0.8500000000000001
270,S127M,S127,0.3619999999999999
271,S127N,S127,-0.67425
272,S127P,S127,0.7575000000000001
273,S127Q,S127,-0.209
274,S127R,S127,-1.5935
275,S127S,S127,0.0
276,S127T,S127,0.0795
277,S127V,S127,-0.53575
278,S127W,S127,-0.77875
279,S127Y,S127,-0.81575
280,V128A,V128,4.1865
281,V128C,V128,3.13375
282,V128D,V128,7.11675
283,V128E,V128,3.8155
284,V128F,V128,3.796
285,V128G,V128,7.398
286,V128H,V128,1.32075
287,V128I,V128,-1.4825
288,V128K,V128,9.032
289,V128L,V128,2.0825
290,V128M,V128,-0.0265
291,V128N,V128,3.2565
292,V128P,V128,2.75975
293,V128Q,V128,1.24025
294,V128R,V128,4.337
295,V128S,V128,2.69025
296,V128T,V128,0.26675
297,V128V,V128,0.0
298,V128W,V128,9.29325
299,V128Y,V128,4.89875
300,G129A,G129,-0.87475
301,G129C,G129,-2.85225
302,G129D,G129,1.443
303,G129E,G129,1.2705
304,G129F,G129,-2.44375
305,G129G,G129,0.0
306,G129H,G129,-5.28325
307,G129I,G129,2.02375
308,G129K,G129,-1.67975
309,G129L,G129,-2.2115
310,G129M,G129,-5.4615
311,G129N,G129,-4.79725
312,G129P,G129,4.925000000000001
313,G129Q,G129,-2.95375
314,G129R,G129,-2.52275
315,G129S,G129,-2.58
316,G129T,G129,-5.68075
317,G129V,G129,3.596
318,G129W,G129,-0.33475
319,G129Y,G129,4.667999999999999
320,S130A,S130,-0.20875
321,S130C,S130,-1.27625
322,S130D,S130,1.14625
323,S130E,S130,-3.0265
324,S130F,S130,-0.1515
325,S130G,S130,0.40775
326,S130H,S130,-1.92925
327,S130I,S130,-2.32575
328,S130K,S130,0.1049999999999999
329,S130L,S130,-3.498
330,S130M,S130,-6.19225
331,S130N,S130,-0.98675
332,S130P,S130,3.3787499999999997
333,S130Q,S130,-4.51075
334,S130R,S130,-2.56
335,S130S,S130,0.0
336,S130T,S130,-1.7025
337,S130V,S130,-1.563
338,S130W,S130,-9.6315
339,S130Y,S130,-4.92525
340,S132A,S132,5.695
341,S132C,S132,5.053
342,S132D,S132,19.288
343,S132E,S132,9.795
344,S132F,S132,7.162
345,S132G,S132,6.486
346,S132H,S132,6.189
347,S132I,S132,10.243
348,S132K,S132,2.659
349,S132L,S132,2.496
350,S132M,S132,8.128
351,S132N,S132,-0.836
352,S132P,S132,2.645
353,S132Q,S132,11.486
354,S132R,S132,-2.609
355,S132S,S132,0.0
356,S132T,S132,3.606
357,S132V,S132,0.561
358,S132W,S132,0.108
359,S132Y,S132,3.699
360,Y136A,Y136,2.48425
361,Y136C,Y136,2.4425
362,Y136D,Y136,3.194
363,Y136E,Y136,3.26625
364,Y136F,Y136,1.247
365,Y136G,Y136,2.81975
366,Y136H,Y136,2.283
367,Y136I,Y136,1.92575
368,Y136K,Y136,1.68575
369,Y136L,Y136,1.6507500000000002
370,Y136M,Y136,0.9645
371,Y136N,Y136,2.21
372,Y136P,Y136,3.3925
373,Y136Q,Y136,2.2815
374,Y136R,Y136,1.7775
375,Y136S,Y136,2.4075
376,Y136T,Y136,2.388
377,Y136V,Y136,2.3705000000000003
378,Y136W,Y136,1.865
379,Y136Y,Y136,0.0
380,A169A,A169,0.0
381,A169C,A169,0.36525
382,A169D,A169,-1.57125
383,A169E,A169,-1.6185
384,A169F,A169,-3.1485
385,A169G,A169,1.17225
386,A169H,A169,-1.38675
387,A169I,A169,-2.29425
388,A169K,A169,1.7215
389,A169L,A169,-2.7465
390,A169M,A169,-6.735
391,A169N,A169,-1.5815
392,A169P,A169,-1.992
393,A169Q,A169,-4.679
394,A169R,A169,-3.37125
395,A169S,A169,-1.01325
396,A169T,A169,-2.98425
397,A169V,A169,0.0
398,A169W,A169,-5.3355
399,A169Y,A169,0.0
