,Full_residue,Evo_score_n
0,T1*,0.0
1,T1A,1.0
2,T1C,1.0
3,T1D,1.0
4,T1E,1.0
5,T1F,1.0
6,T1G,1.0
7,T1H,1.0
8,T1I,1.0
9,T1K,1.0
10,T1L,1.0
11,T1M,1.0
12,T1N,1.0
13,T1P,1.0
14,T1Q,1.0
15,T1R,1.0
16,T1S,1.0
17,T1T,1.0
18,T1V,1.0
19,T1W,0.8172648031496064
20,T1Y,1.0
21,S21*,0.0
22,S21A,1.0
23,S21C,1.0
24,S21D,0.8782844488188977
25,S21E,0.711238937007874
26,S21F,0.6848814566929133
27,S21G,0.8522367519685039
28,S21H,0.7173120078740158
29,S21I,1.0
30,S21K,0.8300093700787402
31,S21L,0.7682747637795276
32,S21M,1.0
33,S21N,1.0
34,S21P,0.8850756299212598
35,S21Q,0.7995007086614174
36,S21R,0.7595131955380577
37,S21S,1.0
38,S21T,1.0
39,S21V,1.0
40,S21W,0.1282351181102363
41,S21Y,0.559697598425197
42,S22*,0.09217973753280857
43,S22A,1.0
44,S22C,1.0
45,S22D,1.0
46,S22E,1.0
47,S22F,1.0
48,S22G,1.0
49,S22H,1.0
50,S22I,1.0
51,S22K,1.0
52,S22L,1.0
53,S22M,1.0
54,S22N,1.0
55,S22P,0.9941943799212599
56,S22Q,1.0
57,S22R,1.0
58,S22S,1.0
59,S22T,1.0
60,S22V,1.0
61,S22W,1.0
62,S22Y,1.0
63,G23*,0.0
64,G23A,1.0
65,G23C,0.9587014173228346
66,G23D,1.0
67,G23E,1.0
68,G23F,0.7185745275590552
69,G23G,1.0
70,G23H,0.954658188976378
71,G23I,0.4755486876640421
72,G23K,1.0
73,G23L,0.6236576377952756
74,G23M,0.9558244881889765
75,G23N,1.0
76,G23P,0.6011017224409451
77,G23Q,0.9954357480314961
78,G23R,0.9131203149606301
79,G23S,1.0
80,G23T,0.9564416141732284
81,G23V,0.794630285433071
82,G23W,0.33770551181102376
83,G23Y,0.6890185826771654
84,A46*,0.2878112598425196
85,A46A,1.0
86,A46C,1.0
87,A46D,0.5297404330708662
88,A46E,0.791972716535433
89,A46F,0.4300997637795275
90,A46G,1.0
91,A46H,0.4869048425196851
92,A46I,0.34499262467191605
93,A46K,0.377809566929134
94,A46L,0.2697491863517062
95,A46M,0.5374608661417323
96,A46N,0.8268296850393702
97,A46P,0.917527312992126
98,A46Q,0.6043776771653543
99,A46R,0.36107022309711306
100,A46S,1.0
101,A46T,1.0
102,A46V,0.7686118897637796
103,A46W,0.22476173228346474
104,A46Y,0.43337803149606313
105,G47*,0.07872727034120737
106,G47A,0.9141492913385827
107,G47C,0.41245066929133856
108,G47D,0.48682740157480325
109,G47E,0.6229137401574805
110,G47F,0.0
111,G47G,1.0
112,G47H,0.12292460629921269
113,G47I,0.0
114,G47K,0.26480251968503954
115,G47L,0.0
116,G47M,0.0
117,G47N,0.4704361417322835
118,G47P,0.5485968307086614
119,G47Q,0.45626480314960643
120,G47R,0.37648686351706034
121,G47S,0.7621390813648294
122,G47T,0.4180216141732284
123,G47V,0.21555708661417342
124,G47W,0.0
125,G47Y,0.0
126,G48*,0.1490592125984254
127,G48A,1.0
128,G48C,0.6355362992125985
129,G48D,0.3895685826771656
130,G48E,0.7100655905511811
131,G48F,0.0
132,G48G,1.0
133,G48H,0.4370364566929135
134,G48I,0.031378293963254374
135,G48K,0.7641955314960631
136,G48L,0.07450486876640434
137,G48M,0.515416535433071
138,G48N,1.0
139,G48P,0.5261758858267717
140,G48Q,0.9823649606299213
141,G48R,0.659209219160105
142,G48S,1.0
143,G48T,0.9730217913385827
144,G48V,0.4609874212598426
145,G48W,0.0
146,G48Y,0.0
147,S96*,0.5323233070866144
148,S96A,1.0
149,S96C,1.0
150,S96D,1.0
151,S96E,1.0
152,S96F,1.0
153,S96G,1.0
154,S96H,1.0
155,S96I,1.0
156,S96K,1.0
157,S96L,1.0
158,S96M,1.0
159,S96N,1.0
160,S96P,1.0
161,S96Q,1.0
162,S96R,1.0
163,S96S,1.0
164,S96T,1.0
165,S96V,1.0
166,S96W,1.0
167,S96Y,1.0
168,M97*,0.0
169,M97A,1.0
170,M97C,1.0
171,M97D,0.0
172,M97E,0.14528342519685059
173,M97F,1.0
174,M97G,0.07913751968503954
175,M97H,0.4708773228346457
176,M97I,1.0
177,M97K,0.5041221653543306
178,M97L,1.0
179,M97M,1.0
180,M97N,0.2192823228346457
181,M97P,0.7437023129921261
182,M97Q,0.7749455118110236
183,M97R,0.38812307086614173
184,M97S,0.816499783464567
185,M97T,1.0
186,M97V,1.0
187,M97W,0.5532162204724411
188,M97Y,0.8333486220472441
189,G98*,0.0
190,G98A,1.0
191,G98C,1.0
192,G98D,0.48060649606299227
193,G98E,0.5015056692913387
194,G98F,0.3570887795275593
195,G98G,1.0
196,G98H,0.6795757086614174
197,G98I,0.3945912073490815
198,G98K,0.6127058661417324
199,G98L,0.42534624671916027
200,G98M,0.6453077165354331
201,G98N,0.8583849212598424
202,G98P,0.06314753937007878
203,G98Q,0.6898938976377953
204,G98R,0.6316174278215224
205,G98S,1.0
206,G98T,0.9812021948818898
207,G98V,0.7988753543307088
208,G98W,0.0
209,G98Y,0.3203521259842522
210,Y113*,0.689479317585302
211,Y113A,0.9809041732283466
212,Y113C,1.0
213,Y113D,0.5950896456692915
214,Y113E,0.9593749606299213
215,Y113F,1.0
216,Y113G,0.6350036122047243
217,Y113H,1.0
218,Y113I,1.0
219,Y113K,0.8161571653543307
220,Y113L,1.0
221,Y113M,1.0
222,Y113N,0.8993690157480315
223,Y113P,0.28130639763779525
224,Y113Q,1.0
225,Y113R,0.7737526115485565
226,Y113S,0.9370521391076115
227,Y113T,0.915956220472441
228,Y113V,1.0
229,Y113W,1.0
230,Y113Y,1.0
231,D115*,0.0
232,D115A,0.8680437204724409
233,D115C,1.0
234,D115D,1.0
235,D115E,1.0
236,D115F,0.6106807086614174
237,D115G,0.9903364862204724
238,D115H,1.0
239,D115I,0.6466296587926508
240,D115K,0.754140157480315
241,D115L,0.6126291994750658
242,D115M,0.8575331496062992
243,D115N,1.0
244,D115P,0.5634006299212597
245,D115Q,0.9000283858267716
246,D115R,0.6244992650918636
247,D115S,1.0
248,D115T,1.0
249,D115V,0.80792281496063
250,D115W,0.5156700000000001
251,D115Y,0.8007092519685038
252,D116*,0.3884883727034121
253,D116A,1.0
254,D116C,1.0
255,D116D,1.0
256,D116E,1.0
257,D116F,1.0
258,D116G,1.0
259,D116H,1.0
260,D116I,0.8848041994750657
261,D116K,1.0
262,D116L,0.8169292125984252
263,D116M,1.0
264,D116N,1.0
265,D116P,1.0
266,D116Q,1.0
267,D116R,1.0
268,D116S,1.0
269,D116T,1.0
270,D116V,0.8935188188976378
271,D116W,1.0
272,D116Y,1.0
273,S127*,0.0
274,S127A,1.0
275,S127C,1.0
276,S127D,0.8788946062992126
277,S127E,1.0
278,S127F,1.0
279,S127G,1.0
280,S127H,1.0
281,S127I,0.9092201968503937
282,S127K,1.0
283,S127L,1.0
284,S127M,1.0
285,S127N,1.0
286,S127P,1.0
287,S127Q,1.0
288,S127R,1.0
289,S127S,1.0
290,S127T,1.0
291,S127V,1.0
292,S127W,0.989442440944882
293,S127Y,1.0
294,V128*,0.0
295,V128A,1.0
296,V128C,1.0
297,V128D,0.722575531496063
298,V128E,0.9831956692913386
299,V128F,1.0
300,V128G,0.8037798031496064
301,V128H,0.824722401574803
302,V128I,1.0
303,V128K,0.7256167716535434
304,V128L,1.0
305,V128M,1.0
306,V128N,1.0
307,V128P,0.9794410433070867
308,V128Q,1.0
309,V128R,0.593591692913386
310,V128S,1.0
311,V128T,1.0
312,V128V,1.0
313,V128W,0.5006843307086614
314,V128Y,0.8623554724409449
315,G129*,0.0
316,G129A,1.0
317,G129C,0.7488391141732283
318,G129D,0.3091140944881889
319,G129E,0.7344471653543307
320,G129F,0.0
321,G129G,1.0
322,G129H,0.522540905511811
323,G129I,0.036544068241470114
324,G129K,0.45329633858267715
325,G129L,0.09765603674540717
326,G129M,0.5478236220472442
327,G129N,0.5009565354330706
328,G129P,0.42748679133858275
329,G129Q,0.6841844881889763
330,G129R,0.4425838976377953
331,G129S,0.9362323687664043
332,G129T,0.6100306889763779
333,G129V,0.709058877952756
334,G129W,0.0
335,G129Y,0.0
336,S130*,0.10452776902887172
337,S130A,1.0
338,S130C,1.0
339,S130D,0.6663688188976378
340,S130E,0.4813949606299213
341,S130F,0.8172296062992126
342,S130G,0.9594171456692914
343,S130H,0.8663635039370079
344,S130I,0.747749501312336
345,S130K,0.6644750787401575
346,S130L,0.7482727887139107
347,S130M,0.8199915748031495
348,S130N,1.0
349,S130P,0.8965037598425196
350,S130Q,0.9127988188976379
351,S130R,0.7491942388451445
352,S130S,1.0
353,S130T,1.0
354,S130V,0.7233463976377953
355,S130W,0.2909745669291338
356,S130Y,0.8428900984251969
357,S132*,0.7510629396325459
358,S132A,1.0
359,S132C,1.0
360,S132D,1.0
361,S132E,1.0
362,S132F,0.9894916929133859
363,S132G,1.0
364,S132H,1.0
365,S132I,0.8499190419947507
366,S132K,1.0
367,S132L,0.8123955183727034
368,S132M,0.9623950393700788
369,S132N,1.0
370,S132P,1.0
371,S132Q,1.0
372,S132R,1.0
373,S132S,1.0
374,S132T,1.0
375,S132V,0.9310709251968503
376,S132W,0.572618188976378
377,S132Y,0.9998497637795275
378,Y136*,0.7656246325459318
379,Y136A,1.0
380,Y136C,1.0
381,Y136D,1.0
382,Y136E,1.0
383,Y136F,1.0
384,Y136G,0.5768785433070867
385,Y136H,1.0
386,Y136I,1.0
387,Y136K,1.0
388,Y136L,1.0
389,Y136M,1.0
390,Y136N,1.0
391,Y136P,0.8255425590551181
392,Y136Q,1.0
393,Y136R,1.0
394,Y136S,1.0
395,Y136T,1.0
396,Y136V,1.0
397,Y136W,1.0
398,Y136Y,1.0
399,A169*,0.6503811548556432
400,A169A,1.0
401,A169C,1.0
402,A169D,1.0
403,A169E,1.0
404,A169F,1.0
405,A169G,1.0
406,A169H,1.0
407,A169I,1.0
408,A169K,1.0
409,A169L,1.0
410,A169M,1.0
411,A169N,1.0
412,A169P,1.0
413,A169Q,1.0
414,A169R,1.0
415,A169S,1.0
416,A169T,1.0
417,A169V,1.0
418,A169W,1.0
419,A169Y,1.0
